[
   {
      "Launch_TimeFrame":"Jun-13",
      "Channel":"Banca",
      "GSP":"Russia",
      "Program_to_Date":"345672",
      "Quotes":"3377",
      "Apps":"1658",
      "Quote_to_App_Conversion_Rate":"49",
      "Issued_Premium_USD":"22,000",
      "Agents_Using_Platform":"142.95"
   },
   {
      "Launch_TimeFrame":"Jun-13",
      "Channel":"DTC",
      "GSP":"USSD",
      "Program_to_Date":"195861",
      "Quotes":"2498",
      "Apps":"1943",
      "Quote_to_App_Conversion_Rate":"78",
      "Issued_Premium_USD":"21000",
      "Agents_Using_Platform":"305"
   },
   {
      "Launch_TimeFrame":"Aug-14",
      "Channel":"Agency",
      "GSP":"Columbia",
      "Program_to_Date":"521077",
      "Quotes":"1731.8",
      "Apps":"1330",
      "Quote_to_App_Conversion_Rate":"8",
      "Issued_Premium_USD":"4000000",
      "Agents_Using_Platform":"2223"
   },
   {
      "Launch_TimeFrame":"Nov-14",
      "Channel":"Banca",
      "GSP":"Vietnam",
      "Program_to_Date":"72754",
      "Quotes":"1871",
      "Apps":"194",
      "Quote_to_App_Conversion_Rate":"10",
      "Issued_Premium_USD":"0",
      "Agents_Using_Platform":"3058"
   },
   {
      "Launch_TimeFrame":"Oct-14",
      "Channel":"DTC",
      "GSP":"China-ADD",
      "Program_to_Date":"9264",
      "Quotes":"531",
      "Apps":"20",
      "Quote_to_App_Conversion_Rate":"4",
      "Issued_Premium_USD":"5000",
      "Agents_Using_Platform":""
   },
   {
      "Launch_TimeFrame":"Aug-15",
      "Channel":"Group",
      "GSP":"CAT",
      "Program_to_Date":"507",
      "Quotes":"419",
      "Apps":"88",
      "Quote_to_App_Conversion_Rate":"21",
      "Issued_Premium_USD":"0",
      "Agents_Using_Platform":"4640"
   },
   {
      "Launch_TimeFrame":"May-16",
      "Channel":"Group",
      "GSP":"Banca Gulf",
      "Program_to_Date":"235",
      "Quotes":"14",
      "Apps":"7",
      "Quote_to_App_Conversion_Rate":"50",
      "Issued_Premium_USD":"0",
      "Agents_Using_Platform":"40"
   }
]