[
  {
    "GSP": "Russia",
    "System Availability": "99.40%",
    "Production Incidents": 0,
    "Prod Incidents YTD": 7
  },
  {
    "GSP": "USSD",
    "System Availability": "100%",
    "Production Incidents": 1,
    "Prod Incidents YTD": 3
  },
  {
    "GSP": "Colombia",
    "System Availability": "100%",
    "Production Incidents": 1,
    "Prod Incidents YTD": 2
  },
  {
    "GSP": "Vietnam",
    "System Availability": "100%",
    "Production Incidents": 10,
    "Prod Incidents YTD": 148
  },
  {
    "GSP": "China-ADD",
    "System Availability": "100%",
    "Production Incidents": 1,
    "Prod Incidents YTD": 93
  },
  {
    "GSP": "CAT",
    "System Availability": "100%",
    "Production Incidents": 5,
    "Prod Incidents YTD": 46
  },
  {
    "GSP": "Banca Gulf",
    "System Availability": "100%",
    "Production Incidents": 2,
    "Prod Incidents YTD": 27
  },
  {
    "GSP": "US/Expat",
    "System Availability": "100%",
    "Production Incidents": 0,
    "Prod Incidents YTD": 6
  },
  {
    "GSP": "China",
    "System Availability": "100%",
    "Production Incidents": 2,
    "Prod Incidents YTD": 66
  },
  {
    "GSP": "Turkey",
    "System Availability": "100%",
    "Production Incidents": 0,
    "Prod Incidents YTD": 1
  },
  {
    "GSP": "Italy",
    "System Availability": "99.70%",
    "Production Incidents": 0,
    "Prod Incidents YTD": 2
  }
];
