[
   {
      "Launch_TimeFrame_info":"Jul-14",
      "Channel_info":"-",
      "GSvP":"US/Expat",
      "Register_info":"327",
      "Claims_info":"8617",
      "Docs_Forms":"698"
   },
   {
      "Launch_TimeFrame_info":"Nov-14",
      "Channel_info":"-",
      "GSvP":"China",
      "Register_info":"0",
      "Claims_info":"0",
      "Docs_Forms":"0"
   },
   {
      "Launch_TimeFrame_info":"Aug-13",
      "Channel_info":"-",
      "GSvP":"Turkey",
      "Register_info":"0",
      "Claims_info":"0",
      "Docs_Forms":"0"
   },
   {
      "Launch_TimeFrame_info":"Aug-13",
      "Channel_info":"-",
      "GSvP":"Italy",
      "Register_info":"820",
      "Claims_info":"0",
      "Docs_Forms":"1461"
   }
]